SN,File No,Subject,Vote of Charge,Department,Naration,Proposed Amount,Actual Amount,Status,Remarks,Date Sent,Date Approved,Proposed Amount_num,Actual Amount_num,Stage,Pending Value,Aging Days,Aging Bucket
33,CCTI/ADC 1762   (2026),GRASSROOTS COMMUNITY INTERACTIVE BUSINESS ASSEMBLE,Servicing of Meetings/ Statutory  -: 004/04002/01/777/11009/0000/40807,Admin/HR,REQUEST FOR APPROVAL FOR THE HOSTING OF BUSINESS ROUNDTABLE WITH ORGANISED PRIVATE SECTOR (OPS) IN THE STATE,"₦25,655,000.00",₦0.00,Awaiting Approval - Mr Governor (MG),,02/03/26,01/01/70,25655000.0,0.0,MG,25655000.0,46,31–60 days
245,CCTI/AD. 2040   (2026),DATA PROTECTION ACCESS,Office Equipment and Renovation -: 004/4002/02/777/11009/6129/45011,ICT,"REQUEST FOR FUNDS TO PURCHASE DOCUMENT COLLECTION BINS, FIREPROOF STORAGE BOXES AND SHREDDERS IN DEPARTMENTS AND UNITS AT MCCTI","₦14,182,499.00",₦0.00,Awaiting Approval - MEBP,,02/03/26,01/01/70,14182499.0,0.0,MEBP,14182499.0,46,31–60 days
319,CIC/CC 256 IV   (2026),ULTRA MODERN AUTO DEALERS MARKET-MOWO,Imota Industrial Park Development/Gberigbe -: 004/04002/02/777/11009/0939/45022,Trade,RELOCATION OF BUILDING MATERIAL TRADERS FROM ORILE TO AGEMOWO BADAGRY REQUEST FOR APPROVAL FOR THE ISSUANCE OF CERTIFICATE OF OCCUPANCY AND LETTER OF ALLOCATION FOR 10 HECTARES OF LAND,₦0.00,₦0.00,Approved by MG,,02/03/26,12/03/26,0.0,0.0,MG,0.0,46,31–60 days
41,CIC/AD 979,MATTER'S AFFECTING PROCUREMENT,Procurement Unit -: 004/04002/01/706/11009/0000/40531,Procurement,REQUEST FOR APPROVAL/RELEASE OF FUNDS,"₦10,000,000.00","₦8,000,000.00",Approved by DG,,03/02/26,06/03/26,10000000.0,8000000.0,DG,2000000.0,73,60+ days
246,LASCOPA/ICT/019 I,MATTERS AFFECTING ICT UNIT,,LASCOPA,REQUEST FOR APPROVAL FOR THE RELEASE OF FUNDS FOR INFORMATION COMMUNICATION TECHNOLOGY (ict) UNIT EXPENSES FOR THE YEAR 2026,"₦9,307,000.00",₦0.00,Awaiting Approval - Mr Governor (MG),,03/02/26,01/01/70,9307000.0,0.0,MG,9307000.0,73,60+ days
272,LASCOPA/ADM/110 I,WORLD CONSUMER RIGHT'S DAY,,LASCOPA,WORLD CONSUMER RIGHT DAY YEAR 2026: A ONE (1) DAY CONFERENCE AND EXHIBITION,"₦150,000,000.00","₦80,000,000.00",Approved by MG,,03/02/26,25/02/26,150000000.0,80000000.0,MG,70000000.0,73,60+ days
275,CIC/AD. 1081 (2026),E-PROCUREMENT,Procurement Unit -: 004/04002/01/706/11009/0000/40531,Procurement,REQUEST FOR FUNDS FOR THE PROCUREMENT ACTIVITIES FOR THE FIRST HALF OF THE YEAR 2026,"₦5,000,000.00","₦5,000,000.00",Approved by DG,,03/02/26,06/03/26,5000000.0,5000000.0,DG,0.0,73,60+ days
23,CIC/AD. 1060 IV,INTERNATIONAL COOPERATIVE DAY 2026,Upkeep and Maintenance Allowance -: 004/04002/01/775/11009/0000/40326,Cooperatives,SUBJECT: YEAR 2026 INTERNATIONAL COOPERATIVE DAY CELEBRATION,"₦26,900,000.00","₦26,900,000.00",Approved by MG,,05/02/26,25/02/26,26900000.0,26900000.0,MG,0.0,71,60+ days
57,LASCOPA/263/CE III,LASCOPA CDS COMMUNITY SERVICE,,LASCOPA,REQUEST FOR APPROVAL FOR THE RELEASE OF FUNDS FOR LAGOS STATE CONSUMER PROTECTION AGENCY NATIONAL YOUTH SERVICE CORPS COMMUNITY DEVELOPMENT SERVICE (CDS) PROJECTS,"₦50,000,000.00",₦0.00,Awaiting Approval - Mr Governor (MG),,05/02/26,01/01/70,50000000.0,0.0,MG,50000000.0,71,60+ days
64,CCTI/AD/1148,COOPERATIVE AREA OFFICES DIGITAL CONSUMABLE,Upkeep and Maintenance Allowance -: 004/04002/01/775/11009/0000/40326,Cooperatives,REQUEST FOR THE PROCUREMENT OF DIGITAL CONSUMABLES FOR COOPERATIVES AREA OFFICES,"₦1,733,750.00",₦0.00,Awaiting Approval - Mr Governor (MG),,05/02/26,01/01/70,1733750.0,0.0,MG,1733750.0,71,60+ days
131,MCIC/ACCTS/1015/V,FINANCE & ACCOUNTS,Account Unit Expenses -: 004/04002/01/703/11009/0000/40796,Accounts,APPROVAL OF FUNDS FOR OFFICE CONSUMABLES FOR FINANCE AND ACCOUNTS DEPARTMENT,"₦5,988,000.00","₦5,988,000.00",Approved by DG,,05/02/26,20/02/26,5988000.0,5988000.0,DG,0.0,71,60+ days
176,CCTI/AD/1187    (2026),COOPERATIVE STAFF TRAINING AND CONFERENCES,Technical Training on Industry Safety -: 004/04002/01/777/11009/0000/41925,Cooperatives,REQUEST FOR RELEASE OF FUNDS FOR TECHNICAL TRAINING FOR COOPERATIVE STAFF,"₦5,000,000.00",₦0.00,Awaiting Approval - MEBP,,05/02/26,01/01/70,5000000.0,0.0,MEBP,5000000.0,71,60+ days
178,MCIC/ACCTS/1015/F   (2026),FIN & ACCTS MATTERS,Account Dept Expenses -: 004/04002/01/703/11009/0000/40796,Accounts,"REQUEST FOR RELEASE OF FUND FOR SERVICING OF MEETINGS BY FINANCE AND ACCOUNT DEPARTMENT OF THE MINISTRY OF COMMERCE, COOPERATIVES, TRADE AND INVESTMENT","₦7,000,000.00",₦0.00,Awaiting Approval - MEBP,,05/02/26,01/01/70,7000000.0,0.0,MEBP,7000000.0,71,60+ days
203,CCTI/TRS. 536,RENOVATION OF ADMIN BLOCK,Renovation of Small Scale Industrial Estate -: 004/04002/02/777/11009/0632/45192,Trade,"REQUEST FOR APPROVAL FOR THE RENOVATION/REHABILITATION OF THE ADMINISTRATIVE BLOCK AT THE STATE OWNED SMALL SCALE INDUTRIAL ESTATE MATORI1, FATAI ATERE WAY, MUSHIN","₦51,097,086.07",₦0.00,Awaiting Approval - Mr Governor (MG),,05/02/26,01/01/70,51097086.07,0.0,MG,51097086.07,71,60+ days
280,MCIC/ACCTS/1015/D     (2026),FIN & ACCOUNTS MATTERS,Account Dept Expenses -: 004/04002/01/703/11009/0000/40796,Accounts,APPROVAL OF FUNDS FOR QUARTERLY MONITORING OF REVENUE OF INDUSTRIAL HUBS AND AREA COOPERATIVES OFFICES BY FINANCE AND ACCOUNTS DIRECTORATE,"₦4,977,600.00","₦4,977,600.00",Approved by MEBP,,05/02/26,17/02/26,4977600.0,4977600.0,MEBP,0.0,71,60+ days
308,CCTI/AD 2027 II  (2026),HONOURABLE COMMISSIONER OFFICE REPRESENTATIVE DUTIES,Honourable Commissioner Expenses -: 004/04002/01/702/11009/0000/41714,Admin/HR,RE: INVITATION TO THE OFFICIAL LAUNCH OF THE NIGERIA INDUSTRIAL POLICY (NIP),"₦953,825.00","₦953,825.00",Approved by DG,,05/02/26,23/02/26,953825.0,953825.0,DG,0.0,71,60+ days
311,CIC/ACCTS/1015/III (2026),ACCOUNTS MATTERS,Office Equipment and Renovation -: 004/04002/02/777/11009/6129/45011,Accounts,APPROVAL OF FUNDS FOR FINANCE AND ACCOUNTS DEPARTMENT,"₦24,900,000.00",₦0.00,Awaiting Approval - Mr Governor (MG),,05/02/26,01/01/70,24900000.0,0.0,MG,24900000.0,71,60+ days
318,CCTI/AD. 2016,PURCHASE OF LAW REPORTS,Legal Unit -: 004/04002/01/706/11009/0000/40701,Legal,"REQUEST FOR FUNDS FOR THE PROCUREMENT OF LEGAL RESEARCH MATERIALS (BOOKS AND COURT AUTOMATED INFORMATION PACKS) FOR 2026 FOR THE LEGAL UNIT OF THE MINISTRY OF COMMERCE, COOPERATIVES, TRADE AND INVESTMENT","₦9,891,000.00","₦9,891,000.00",Approved by DG,,05/02/26,05/02/26,9891000.0,9891000.0,DG,0.0,71,60+ days
321,CCTI/AD/1148  (2026),COOPERATIVES AREA OFFICES DIGITAL CONSUMABLE,(UPKEEP AND MAINTENANCE ALLOWANCE)Area Office Expenses -: 004/04002/01/775/11009/0000/40326,Cooperatives,REQUEST FOR THE PROCUREMENT OF DIGITAL CONSUMABLES FOR COOPERATIVES AREA OFFICES,"₦17,337,500.00","₦17,437,500.00",Approved by DG,,05/02/26,27/02/26,17337500.0,17437500.0,DG,-100000.0,71,60+ days
339,CIC/ADC. 1136 I,VOTE OF CHARGE FOR LEGAL UNIT,Legal Unit -: 004/04002/01/706/11009/0000/40701,Legal,"REQUEST FOR FUNDS TO PROCUREMENT STATIONERY ITEMS AND OFFICE CONSUMABLES FOR Y2026 FOR THE LEGAL UNIT OF THE MINISTRY OF COMMERCE, COOPERATIVES, TRADE AND INVESTMENT (MCCTI)","₦4,948,400.00","₦4,948,400.00",Approved by DG,,05/02/26,27/02/26,4948400.0,4948400.0,DG,0.0,71,60+ days
6,CI/CC. 169/S.2 T,LEKKI FREE TRADE ZONE UNITIES RELATION MATTERS,Welfare Expenses -: 004/04002/01/702/11009/0000/41929,Commerce,REQUEST FOR APPROVAL AND RELEASE OF FUNDS FOR CUSTOMARY ILEYA  (2026) GIFTS TO HOST COMMUNITIES WITHIN THE LEKKI FREE ZONE CORRIDOR,"₦34,650,000.00",₦0.00,Awaiting Approval - Mr Governor (MG),,09/02/26,01/01/70,34650000.0,0.0,MG,34650000.0,67,60+ days
25,CCTI/AD. 766 VII    (2026),STAFF WELFARE,Staff Welfare & Festivities -: 004/04002/01/702/11009/0000/41929,Admin/HR,REQUEST FOR RELEASE OF FUNDS FOR FINANCIAL ASSISTANCE TO STAFF AND PAYMENT OF TOKEN TO DECEASED FAMILY FOR THE YEAR 2026,"₦20,000,000.00",₦0.00,Awaiting Approval - MEBP,,09/02/26,01/01/70,20000000.0,0.0,MEBP,20000000.0,67,60+ days
46,LASCOPA/CE/267 II,CONSUMER PROTECTION ADVOCACY CLUB PROGRAMME,,LASCOPA,REQUEST FOR APPROVAL FOR THE RELEASE OF FUNDS FOR CONSUMER EDUCATION CONTINUOUS ADVOCACY PROGRAMME IN PUBLIC AND PRIVATE SCHOOLS IN LAGOS STATE,"₦5,000,000.00",₦0.00,Awaiting Approval - MEBP,,09/02/26,01/01/70,5000000.0,0.0,MEBP,5000000.0,67,60+ days
50,LASCOPA/CE/178 I,ROAD SHOW & CMPAIGN ON EFFECT OF SUNLIGHT ON BOTTLE DRINK,,LASCOPA,"REQUEST FOR APPROVAL FOR ROADSHOW AND CAMPAIGN ON THE EFFECT OF EXPOSURE OF PLASTIC BOTTLED DRINKS UNDER THE SUNLIGHT AND AFTERMATH ON CONSUMERS"" AT SHOMOLU/BARIGA","₦10,000,000.00",₦0.00,Awaiting Approval - MEBP,,09/02/26,01/01/70,10000000.0,0.0,MEBP,10000000.0,67,60+ days
55,CCTI/ADC. 2023,PURCHASE OF OFFICE FURNITURE FOR COOPERATIVE AREA OFFICES,Office Equipment and Renovation -: 004/04002/02/777/11009/6129/45011,Cooperatives,PURCHASE OF OFFICE FURNITURE FOR COOPERATIVE AREA OFFICES,"₦61,331,800.00",₦0.00,Awaiting Approval - Mr Governor (MG),,09/02/26,01/01/70,61331800.0,0.0,MG,61331800.0,67,60+ days
58,CIC/AD. 1070     (2026),FUELING OF VEHICLES,Refurbishment of Operational Vehicles  -: 004/04002/02/701/11009/6482/45053,Admin/HR,"REQUEST FOR FUNDS FOR REFURBISHMENT OF OFFICIAL VEHICLES OF THE HONOURABLE COMMISSIONER, THE PERMANENT SECRETARY AND THE DIRECTOR ADMIN. & HR OF THE MINISTRY OF COMMERCE, COOPERATIVES, TRADE & INVESTMENT","₦7,025,000.00","₦7,025,000.00",Approved by DG,,09/02/26,17/03/26,7025000.0,7025000.0,DG,0.0,67,60+ days
65,CIC/ADC. 1713  (2026),PUBLICATION AND DOCUMENTATION. PLANNING UNIT,Planning Unit Expenses -: 004/04002/01/705/11009/0000/40769,Planning,REQUEST FOR RELEASE OF FUND FOR PURCHASE OF OFFICE CONSUMABLES FOR PLANNING UNIT OF THE MINISTRY,"₦6,860,500.00","₦6,860,500.00",Approved by DG,,09/02/26,19/03/26,6860500.0,6860500.0,DG,0.0,67,60+ days
82,CCTI/ADC. 1692 I     (2026),P.M.B. GENERAL,Servicing of Meetings/ Statutory  -: 004/04002/01/777/11009/0000/40807,Admin/HR,"YEAR 2026 PERSONNEL MANAGEMENT BOARD (PMB) FURTHER STUDIES, EXIT, CONFIRMATION AND CONVERSION (FIRST AND SECOND QUARTER) OF THE MINISTRY OF COMMERCE, COOPERATIVES, TRADE AND INVESTMENT","₦4,899,500.00","₦4,899,500.00",Approved by MEBP,,09/02/26,17/03/26,4899500.0,4899500.0,MEBP,0.0,67,60+ days
109,LASCOPA/PROC/252 T,PROCUREMENT UNIT REQUEST,,LASCOPA,REQUEST FOR APPROVAL OF FUND FOR PROCESSING E-PROCUREMENT DOCUMENTATION,"₦2,909,000.00",₦0.00,Awaiting Approval - MEBP,,09/02/26,01/01/70,2909000.0,0.0,MEBP,2909000.0,67,60+ days
110,CIC/AD. 94 IV    (2026),OFFICE FURNITURE EQUIPMENT,Office Equipment and Renovation -: 004/4002/02/777/11009/6129/45011,Admin/HR,REQUEST FOR FUNDS FOR THE PROCUREMENT OF ESSENTIAL OFFICE EQUIPMENT,"₦74,822,000.00",₦0.00,Awaiting Approval - MEBP,,09/02/26,01/01/70,74822000.0,0.0,MEBP,74822000.0,67,60+ days
132,CIC/AD 697 III    (2026),OFFICE MAINTENANCE,MEPB - Special Grant -: 004/04002/01/701/11009/0000/40848,Admin/HR,PURCHASE OF AUTOMATIVE GAS OIL,"₦20,000,000.00","₦10,000,000.00",Approved by MEBP,,09/02/26,16/03/26,20000000.0,10000000.0,MEBP,10000000.0,67,60+ days
135,CCTI/AD. 2037    (2026),CORRESPONDENCE WITH P.S. OFFICE,Operational Expenses -: 004/04002/01/701/11009/0000/40848,Admin/HR,REIMBURSEMENT OF FUNDS ON ATTENDANCE AND PARTICIPATION AT THE AFRICA SOCIAL IMPACT SUMMIT (ASIS),"₦843,950.00",₦0.00,Awaiting Approval - MEBP,,09/02/26,01/01/70,843950.0,0.0,MEBP,843950.0,67,60+ days
142,CI/IC 1066   (2026),INSPECTORATE & MONITORING DEPARTMENT MATTERS ARISING,Protective Accessories for Factory Inspection  -: 004/04002/01/777/11009/0000/41926,Inspectorate,REQUEST FOR APPROVAL TO INCUR EXPENDITURE FOR COMPLIANCE MONITORING ACTIVITIES OF INSPECTORATE AND MONITORING DEPARTMENT FOR YEAR 2026,"₦20,735,000.00","₦20,734,500.00",Approved by MEBP,,09/02/26,17/02/26,20735000.0,20734500.0,MEBP,500.0,67,60+ days
145,MCIC/ACCTS/1015/F    (2026),FIN & ACCTS MATTERS,Account Dept Expenses -: 004/04002/01/703/11009/0000/40796,Accounts,"REQUEST FOR RELEASE OF FUND FOR SERVICING OF MEETING BY FINANCE AND ACCOUNT DEPARTMENT OF THE MINISTRY OF COMMERCE, COOPERATIVE, TRADE, AND INVESTMENT","₦7,020,000.00","₦7,020,000.00",Approved by MEBP,,09/02/26,17/03/26,7020000.0,7020000.0,MEBP,0.0,67,60+ days
174,CCTI/AD/2029   (2026),P.S. FURNITURE AND EQUIPMENT,Office Equipment and Renovation -: 004/4002/02/777/11009/6129/45011,Admin/HR,"REQUEST FOR THE RELEASE OF FUNDS FOR THE PROCUREMENT OF ESSENTIAL OFFICE FURNITURE AND EQUIPMENT IN THE OFFICE OF THE HONOURABLE COMMISSIONER, OFFICE OF THE PERMANENT SECRETARY AND DIRECTOR ADMIN. & HR OF THE MINISTRY","₦32,514,000.00","₦32,514,000.00",Approved by DG,,09/02/26,09/03/26,32514000.0,32514000.0,DG,0.0,67,60+ days
185,CIC/AD. 1072/08  (2026),AUDIT MATTERS (STAFF AUDIT),Audit Unit Expenses -: 004/04002/01/706/11009/0000/40702,Audit,REQUEST FOR FUNDS FOR AUDITING OF INDUSTRIAL HUBS AND COOPERATIVE AREA OFFICES ON MODALITIES OF REVENUE GENERATION AND CONSUMABLES FOR FIRST AND SECOND QUARTER YEAR 2026,"₦17,946,000.00","₦17,946,000.00",Approved by DG,,09/02/26,09/03/26,17946000.0,17946000.0,DG,0.0,67,60+ days
192,"CCTI/AD, 1144  (2026)",CORRESPONDENCE WITH HONOURABLE COMMISSIONER,Honourable Commissioner Expenses -: 004/04002/01/702/11009/0000/41714,Office of HC,REQUEST FOR PAYMENT OF THE CHARTERED INSTITUTE OF DIRECTORS NIGERIA'S LIFETIME SUBSCRIPTION PACKAGE FOR THE HONOURABLE COMMISSIONER,"₦1,570,000.00","₦1,570,000.00",Approved by DG,,09/02/26,05/03/26,1570000.0,1570000.0,DG,0.0,67,60+ days
201,CCTI/AD 2001    (2026),STRATEGIC MANAGEMENT MEETING,Servicing of Meetings/ Statutory  -: 004/04002/01/777/11009/0000/40807,Admin/HR,REQUEST FOR RELEASE OF FUNDS FOR SERVICING OF MEETING,"₦10,000,000.00","₦5,000,000.00",Approved by MEBP,,09/02/26,17/03/26,10000000.0,5000000.0,MEBP,5000000.0,67,60+ days
213,LASCOPA/LEGAL/214 I,LITIGATION MATTERS,,LASCOPA,"REQUEST FOR THE RELEASE OF FUND FOR FILING OF LITIGATION, SERVICING OF COURT PROCESSES","₦7,000,000.00",₦0.00,Awaiting Approval - MEBP,,09/02/26,01/01/70,7000000.0,0.0,MEBP,7000000.0,67,60+ days
238,CCTI/AD. 1070/31   (2026),MAINTENANCE OF VEHICLE,Refurbishment of Operational Vehicles  -: 004/04002/02/701/11009/6482/45053,Admin/HR,"REQUEST FOR FUNDS FOR REFURBISHMENT OF OFFICIAL VEHICLES OF THE HONOURABLE COMMISSIONER, THE PERMANENT SECRETARY AND DIRECTOR ADMIN, & HR OF THE MINISTRY OF COMMERCE, COOPERATIVES, TRADE & INVESTMENT","₦7,025,000.00","₦7,025,000.00",Approved by DG,,09/02/26,17/03/26,7025000.0,7025000.0,DG,0.0,67,60+ days
239,CCTI/AD. 731,MOTOR VEHICLES GENERAL,Refurblishment of Operational Vehicles  -: 004/04002/02/701/11009/6482/45053,Admin/HR,"SERVICING/MAINTENANCE AND REPAIR OF OFFICIAL VEHICLES OF THE MINISTRY OF COMMERCE, COOPERATIVES, TRADE AND INVESTMENT","₦9,822,000.00","₦9,822,000.00",Approved by DG,,09/02/26,23/02/26,9822000.0,9822000.0,DG,0.0,67,60+ days
254,CCTI/AD. 1155 II   (2026),HC MEETING WITH INVESTORS/STAKEHOLDERS,Honourable Commissioner Expenses -: 004/04002/01/702/11009/0000/41714,Office of HC,REQUEST FOR APPROVAL OF FUNDS FOR ORGANISING MEETINGS WITH INVESTORS AND ALL STAKEHOLDERS IN THE INDUSTRIAL HUBS IN THE STATE FOR THE 1ST QUARTER OF THE YEAR 2026,"₦10,000,000.00","₦10,000,000.00",Approved by DG,,09/02/26,06/03/26,10000000.0,10000000.0,DG,0.0,67,60+ days
287,CIC/ADC 1147 II,LEKKI FREE ZONE PARCEL B,Welfare Expenses -: 004/04002/01/702/11009/0000/41929,Commerce,REQUEST FOR APPROVAL AND RELEASE OF FUNDS FOR CUSTOMARY CHRISTMAS (2026) GIFTS TO HOST COMMUNITIES WITHIN THE LEKKI FREE ZONE CORRIDOR,"₦34,650,000.00",₦0.00,Awaiting Approval - Mr Governor (MG),,09/02/26,01/01/70,34650000.0,0.0,MG,34650000.0,67,60+ days
290,CCTI/ADC. 2022,OFFICE EQUIPMENT FOR COOPERATIVE AREA OFFICE,,Cooperatives,OFFICE EQUIPMENT FOR COOPERATIVE AREA OFFICES,"₦107,439,750.00",₦0.00,Awaiting Approval - Mr Governor (MG),,09/02/26,01/01/70,107439750.0,0.0,MG,107439750.0,67,60+ days
310,CCTI/ADC. 1192 (2026),ACTIVITIES OF CHAMBERS OF COMMERCE AND INDUSTRY AT GRASSROOTS LEVEL,Committee Expenses -: 004/04002/01/776/11009/0000/40813,Commerce,APPROVAL FOR AIDING/FUNDING OF SOME OF THE ACTIVITIES OF BUSINESS MEMBERSHIP ORGANISATIONS (BMOs) AND CHAMBERS OF COMMERCE AND INDUSTRY AT THE GRASSROOTS LEVEL,"₦70,000,000.00",₦0.00,Awaiting Approval - Mr Governor (MG),,09/02/26,01/01/70,70000000.0,0.0,MG,70000000.0,67,60+ days
314,CIC/AD. 766 VII (2026),STAFF WELFARE,Welfare Expenses -: 004/04002/01/702/11009/0000/41929,Admin/HR,"REQUEST FOR RELEASE OF FUNDS FOR MONTHLY STAFF AWARDS OF THE MINISTRY OF COMMERCE, COOPERATIVES, TRADE AND INVESTMENT FOR THE YEAR 2026","₦9,690,000.00","₦9,690,000.00",Approved by DG,,09/02/26,26/02/26,9690000.0,9690000.0,DG,0.0,67,60+ days
340,CIC/CC/62/S.1 T,NIGERIAN EXPORT PROMOTION COUNCIL,Committee Expenses -: 004/04002/01/776/11009/0000/40813,Commerce,FACILITATION OF QUARTERLY MEETINGS AND ACTIVITIES OF THE STATE COMMITTEE ON EXPORT PROMOTION (SCEP) FOR THE YEAR 2026,"₦40,000,000.00",₦0.00,Awaiting Approval - Mr Governor (MG),,09/02/26,01/01/70,40000000.0,0.0,MG,40000000.0,67,60+ days
10,CCTI/IC 944 II   (2026),DEVELOPMENT OF AGRO INDUSTRIAL PARK IN LAGOS STATE- ILARA-IGBONLA,"Construction of Fence and mounting of gate at  Enterprise zone (Ijanikin, Igbonla, Ibereko, Agemowo and  Ibeju Agbe -: 004/04002/02/000/11009/6265/45106",Trade,"REQUEST FOR APPROVAL FOR THE CONSTRUCTION OF PERIMETER FENCE AND ERECTION OF ENTRANCE GATES AT IGBONLA ENTERPRISE ZONE, EPE","₦1,690,093,603.06",₦0.00,Awaiting Approval - Mr Governor (MG),,10/03/26,01/01/70,1690093603.06,0.0,MG,1690093603.06,38,31–60 days
84,CIC/ADC. 1713 II  (2026),PLANNING UNIT EXPENSES,Office Equipment and Renovation -: 004/4002/02/777/11009/6129/45011,Planning,REQUEST FOR FUNDS FOR THE PURCHASE OFFICE EQUIPMENT FOR PLANNING UNIT,"₦8,200,000.00",₦0.00,Awaiting Approval - MEBP,,10/03/26,01/01/70,8200000.0,0.0,MEBP,8200000.0,38,31–60 days
119,CCTI/AD 2027 II,HONOURABLE COMMISSIONER OFFICE REPTRESENTATIVE DUTIES,Honourable Commissioner Expenses -: 004/04002/01/702/11009/0000/41714,Office of HC,INVITATION TO ATTEND THE 5TH INTERNATIONAL WOMEN LEADERSHIP CONFERENCE 2026 IN DUBAI,"₦10,041,000.00","₦953,825.00",Approved by DG,,10/03/26,23/02/26,10041000.0,953825.0,DG,9087175.0,38,31–60 days
120,CCTI/INV. 600,C-WEALTH HEADS OF GOVT. FORUM 2026 (CHOGM),Investment Support Services -: 004/04002/01/881/11009/0000/40411,Investment,MEMO ON LAGOS STATE'S STRATEGIC PARTICIPATION IN THE COMMONWEALTH BUSINESS FORUM (CBF-CHOGM) 2026,"₦89,016,324.00",₦0.00,Awaiting Approval - Mr Governor (MG),,10/03/26,01/01/70,89016324.0,0.0,MG,89016324.0,38,31–60 days
138,CIC/ADC 196/S.3  (2026),SEMINAR,Seminar  & Conferences -: 004/04002/01/704/11009/0000/40502,Admin/HR,"REQUEST FOR APPROVAL OF FUNDS TO ATTEND LEADERSHIP IN ACTION: POWER INFLUENCE & NEGOTIATION, CIPM, ICAN, ANNA, AI-ENHANCED HUMAN RESOURCE MANAGEMENT WORKSHOP AND NIGERIA INSTITUTE OF TRAINING & DEVELOPMENT (NITD)","₦60,175,427.00",₦0.00,Awaiting Approval - Deputy Governor (DG),,10/03/26,01/01/70,60175427.0,0.0,DG,60175427.0,38,31–60 days
175,CIC/CC. 284 T  (2026),LAGOS INTERNATIONAL TRADE FAIR,Trade Fair and Exhibitions -: 004/04002/01/776/11009/0000/41401,Commerce,LAGOS STATE PARTICIPATION AT 2026 LAGOS INTERNATIONAL TRADE FAIR,"₦228,800,000.00",₦0.00,Awaiting Approval - Mr Governor (MG),,10/03/26,01/01/70,228800000.0,0.0,MG,228800000.0,38,31–60 days
180,CCTI/AD. 2015  (2026),HC RUNNING COST,Honourable Commissioner Expenses -: 004/04002/01/702/11009/0000/41714,Office of HC,RE: REQUEST FOR AN INCREASE IN THE MONTHLY RUNNING COST FOR THE YEAR 2026,"₦60,000,000.00",₦0.00,Awaiting Approval - Mr Governor (MG),,10/03/26,01/01/70,60000000.0,0.0,MG,60000000.0,38,31–60 days
181,CIC/ADC 196 III T    (2026),CONFERENCES,Senior Special Assistant Expenses -: 004/04002/01/702/11009/0000/40680,Admin/HR,INVITATION TO 2026 INTERNATIONAL WOMEN'S DAY CONFERENCE,"₦1,016,275.00",₦0.00,Awaiting Approval - MEBP,,10/03/26,01/01/70,1016275.0,0.0,MEBP,1016275.0,38,31–60 days
191,CIC/CC. 349 IV  (2026),MICRO-SMALL MEDIUM ENTERPRISES (MSME),MSME Exclusive Fair Eko Expo -: 004/04002/01/776/11009/0000/41405,Commerce,REQUEST FOR FUND FOR THE DEVELOPMENT AND MANAGEMENT OF MSME DATABANK FOR ONLINE APPLICATION OF REGISTRATION AND UPDATE OF MSMEs IN LAGOS STATE TO ENHANCE ECONOMIC GROWTH AND SUSTAINABLE DEVELOPMENT,"₦70,425,000.00",₦0.00,Awaiting Approval - Mr Governor (MG),,10/03/26,01/01/70,70425000.0,0.0,MG,70425000.0,38,31–60 days
211,CCTI/AD 766 VIII  (2026),STAFF WELFARE,Staff Welfare & Festivities -: 004/04002/01/702/11009/0000/41929,Admin/HR,REQUEST FOR THE RELEASE OF FUNDS TO PURCHASE WELFARE PACKAGE FOR THE FORTHCOMING EID IL FITRI AND ESTAER CELEBRATION,"₦26,470,000.00","₦26,470,000.00",Approved by DG,,10/03/26,13/03/26,26470000.0,26470000.0,DG,0.0,38,31–60 days
229,CIC/AD 1100 II    (2026),COOPERATIVE DISPUTE RESOLUTION PANEL,(UPKEEP AND MAINTENANCE ALLOWANCE)Area Office Expenses -: 004/04002/01/775/11009/0000/40326,Cooperatives,REQUEST FOR PAYMENT OF SITTING ALLOWANCE FOR COOPERATIVE DISPUTE RESOLUTION PANEL MEMBERS,"₦3,480,000.00",₦0.00,Awaiting Approval - MEBP,,10/03/26,01/01/70,3480000.0,0.0,MEBP,3480000.0,38,31–60 days
244,CIC/ADC. 1713/14 T  (2026),PLANNING UNIT EXPENSES,Planning Unit Expenses -: 004/04002/01/705/11009/0000/40769,Planning,REQUEST FOR FUNDS FOR INSPECTION AND MONITORING OF MINISTRY'S PROJECTS AND PROGRAMMES FOR CERTIFICATION,"₦9,851,000.00","₦9,851,000.00",Approved by DG,,10/03/26,18/03/26,9851000.0,9851000.0,DG,0.0,38,31–60 days
256,CCTI/ADC. 2027   (2026),PURCHASE OF OFFICE FURNITURE FOR COOPERATIVE AREA OFFICE,Construction of Cooperatives Area Offices -: 004/04002/02/775/11009/0634/45194,Cooperatives,PURCHASE OF OFFICE FURNITURE FOR COOPERATIVE AREA OFFICES,"₦29,250,000.00",₦0.00,Awaiting Approval - MEBP,,10/03/26,01/01/70,29250000.0,0.0,MEBP,29250000.0,38,31–60 days
263,CCTI/INV/.601 1   (2026),CWEIC - LASG COUNTERPART FUND FOR INV. 3.0,MEPB - Special Grant -: 004/04002/01/701/11009/0000/40848,Investment,"REQUEST FOR APPROVAL FOR THE RELEASE OF THE SUM OF 125,000 (POUNDS) (EQUIVALENT TO N237,500.000) AS COUNTERPART FUNDING FOR THE LASG-CWEIC MOBILISATION OF OVER 200 INTERNATIONAL INVESTORS FOR THE LAGOS STATE INVESTMENT SUMMIT 3.0","₦237,500,000.00","₦237,500,000.00",Approved by MG,,10/03/26,13/03/26,237500000.0,237500000.0,MG,0.0,38,31–60 days
268,CCTI/ADC 766 VII  (2026),STAFF WELFARE,Staff Welfare & Festivities -: 004/04002/01/702/11009/0000/41929,Admin/HR,REQUEST FOR THE RELEASE OF FUNDS TO PURCHASE WELFARE PACKAGE FOR THE FORTHCOMING EID IL FITRI AND EASTER CELEBRATION BATCH I,"₦26,670,000.00","₦26,670,000.00",Approved by DG,,10/03/26,13/03/26,26670000.0,26670000.0,DG,0.0,38,31–60 days
324,CCTI/ADC 766 VII   (2026 (2)),STAF WELFARE,Staff Welfare & Festivities -: 004/04002/01/702/11009/0000/41929,Admin/HR,REQUEST FOR THE RELEASE OF FUNDS TO PURCHASE WELFARE PACKAGE FOR THE FORTHCOMING EID IL FITRI AND EASTER CELEBRATION BATCH I,"₦29,880,000.00","₦29,880,000.00",Approved by DG,,10/03/26,10/03/26,29880000.0,29880000.0,DG,0.0,38,31–60 days
331,CCTI/TRD. 551,"ESTABLISHMENT OF IBEROKO INDUSTRIAL LAYOUT, BADAGRY","Construction of Fence and mounting of gate at  Enterprise zone (Ijanikin, Igbonla, Ibereko, Agemowo and  Ibeju Agbe -: 004/04002/02/000/11009/6265/45106",Trade,REQUEST FOR APPROVAL FOR THE CONSTRUCTION OF PERIMETER FENCE AND ERECTION OF ENTRANCE GATES AT IBEREKO BADAGRY ENTERPRISES ZONE,"₦556,324,285.46",₦0.00,Awaiting Approval - Mr Governor (MG),,10/03/26,01/01/70,556324285.46,0.0,MG,556324285.46,38,31–60 days
48,LASCOPA/CE/161 I,CONSUMER EDUCATION ENLIGHTHENMENT PROGRAMMES,,LASCOPA,REQUEST FOR APPROVAL FOR THE RELEASE OF FUNDS FOR CONSUMER EDUCATION CONSUMABLES,"₦2,500,000.00",₦0.00,Awaiting Approval - MEBP,,11/02/26,01/01/70,2500000.0,0.0,MEBP,2500000.0,65,60+ days
77,CCTI/AD 1140    (2026),COOPERATIVES AREA OFFICE MAINTENANCE TOILETRIES CONSUMABLES,(UPKEEP AND MAINTENANCE ALLOWANCE)Area Office Expenses -: 004/04002/01/775/11009/0000/40326,Cooperatives,REQUEST FOR THE PROCUREMENT OF TOILETRIES CONSUMABLES FOR COOPERATIVE AREA OFFICES,"₦4,500,000.00",₦0.00,Awaiting Approval - MEBP,,11/02/26,01/01/70,4500000.0,0.0,MEBP,4500000.0,65,60+ days
128,CCTI/ADC 1745  1   (2026),SENIOR SPECIAL ASSISTANT EXPENSES,Senior Special Assistant Expenses -: 004/04002/01/702/11009/0000/40680,Office of SSA,"REQUEST FOR APPROVAL OF FUNDS TO PURCHASE STATIONERY AND DIGITAL CONSUMABLES ITEMS IN THE OFFICE OF THE SENIOR SPECIAL ASSISTANT (SSA), MINISTRY OF COMMERCE, COOPERATIVES, TRADE & INVESTMENT FOR 1ST, 2ND, 3RD AND 4TH QUARTER YEAR 2026","₦17,885,200.00","₦17,885,200.00",Approved by DG,,11/02/26,05/03/26,17885200.0,17885200.0,DG,0.0,65,60+ days
171,CCTI/AD 94 I   (2026),OFFICE FURNITURE & EQUIPMENT,Office Equipment and Renovation -: 004/4002/02/777/11009/6129/45011,Admin/HR,"REQUEST FOR APPROVAL OF FUNDS TO PURCHASE ONE (1) EXECUTIVE CONFERENCE TABLE AND FORTY-SEVEN (47) OFFICE CHAIRS IN THE MINISTRY OF COMMERCE, COOPERATIVES, TRADE AND INVESTMENT","₦14,910,000.00",₦0.00,Awaiting Approval - MEBP,,11/02/26,01/01/70,14910000.0,0.0,MEBP,14910000.0,65,60+ days
187,LASCOCO/A&HR/ACA/0/023 I,MATTERS AFFECTING ACADEMIC STAFF,,LASCOCO,REQUEST FOR APPROVAL FOR THE MONTHLY PAYMENT OF Y2026 SALARIES OF DIRECTLY RECRUITED ACADEMIC AND NON-ACADEMIC STAFF OF LAGOS STATE COOPERATIVE COLLEGE,"₦165,000,000.00","₦158,628,963.57",Approved by MG,,11/02/26,13/02/26,165000000.0,158628963.57,MG,6371036.430000007,65,60+ days
219,CCTI/ADC 1754   (2026),SSA EXPENSES,Senior Special Assistant Expenses -: 004/04002/01/702/11009/0000/40680,Office of SSA,REQUEST FOR RELEASE OF FUNDS TO ENABLE SENIOR SPECIAL ASSISTANT (SSA) TO ORGANISE STAKEHOLDERS ENGAGEMENT WITH COOPERATIVES SOCIETY MEMBERS IN ALL THE FIVE (5) DIVISIONS IN THE STATE,"₦22,500,000.00","₦22,500,000.00",Approved by DG,,11/02/26,11/02/26,22500000.0,22500000.0,DG,0.0,65,60+ days
225,CIC/AD. 766 VI   (2026 (2)),STAFF WELFARE,Staff Welfare & Festivities -: 004/04002/01/702/11009/0000/41929,Admin/HR,REQUEST FOR RELEASE OF FUNDS TO HONOUR SIX (6) RETIRING OFFICERS IN THE MINISTRY,"₦14,925,000.00","₦14,925,000.00",Approved by DG,,11/02/26,06/03/26,14925000.0,14925000.0,DG,0.0,65,60+ days
253,CIC/AD. 1023 V   (2026),MAINTENANCE OF COOPERATIVE AREA OFFICES,Printing of Account Books -: 004/04002/01/775/11009/0000/40602,Cooperatives,QUARTERLY INTERNET SUBSCRIPTION FOR COOPERATIVES AREA OFFICES,"₦10,910,000.00",₦0.00,Awaiting Approval - MEBP,,11/02/26,01/01/70,10910000.0,0.0,MEBP,10910000.0,65,60+ days
282,CIC/ADC. 1109 II   (2026),APPROVAL FOR THE USE OF ELECTRONIC DATA BASE FOR COOPERATIVE SOCIETIES IN LAGOS STATE,(UPKEEP AND MAINTENANCE ALLOWANCE)Area Office Expenses -: 004/04002/01/775/11009/0000/40326,Cooperatives,REQUEST FOR PAYMENT OF MAINTENANCE FEES FOR THE COOPERATIVES DATA BASE PORTAL,"₦2,000,000.00","₦2,000,000.00",Approved by MEBP,,11/02/26,17/02/26,2000000.0,2000000.0,MEBP,0.0,65,60+ days
334,LASCOCO/A&HR/VOL I 001,GOVERNING COUNCIL MATTERS,LASCOCO -: 004/04002/01/701/11009/0000/40848,LASCOCO,REQUEST FOR FUND APPROVAL TO SERVICE THE EMERGENCY SITTING OF THE GOVERNING COUNCIL AND PROVISION FOR EXTRA-ORDINARY COUNCIL MEETINGS,"₦2,100,000.00","₦2,100,000.00",Approved by DG,,11/02/26,26/02/26,2100000.0,2100000.0,DG,0.0,65,60+ days
342,CIC/AD 697 VI   (2026),OFFICE MAINTENANCE GENERAL,Janitorial Services -: 004/04002/01/701/11009/0000/40829,Admin/HR,"REQUEST FOR FUNDS FOR PROCUREMENT OF BULK PURCHASE OF JANITORIAL ITEMS, CLEANING EQUIPMENT FOR THE MALE & FEMALE TOILETS AND PAYMENT OF JANITORIAL STAFFS","₦14,855,700.00",₦0.00,Awaiting Approval - MEBP,,11/02/26,01/01/70,14855700.0,0.0,MEBP,14855700.0,65,60+ days
155,CCTI/IC. 1023     (2026),LAGOS STATE INDUSTRIAL POLICY,Policies and Programm Studies  -: 004/04002/01/777/11009/0000/40615,Trade,REQUEST FOR APPROVAL FOR THE PRE-LAUNCH INDUSTRIAL ENGAGEMENT ROADSHOW AND OFFICIAL LAUNCH OF THE LAGOS STATE INDUSTRIAL POLICY (LSIP) 2025-2030,"₦30,000,000.00","₦30,000,000.00",Approved by MG,,12/03/26,14/03/26,30000000.0,30000000.0,MG,0.0,36,31–60 days
262,LASCOCO/A&HR/GC/0/022 VOL II,GOVERNING COUNCIL MATTERS,LASCOCO -: 004/04002/01/701/11009/0000/40848,LASCOCO,REQUEST FOR APPROVAL AND RELEASE OF FUNDS TO PROVIDE WELFARE PACKAGE FOR THE GOVERNING COUNCIL MEMBERS OF THE LAGOS STATE COOPERATIVE COLLEGE FOR THE YEAR 2026,"₦4,385,000.00","₦4,385,000.00",Approved by DG,,12/03/26,13/03/26,4385000.0,4385000.0,DG,0.0,36,31–60 days
259,CIC/ADC. 196/S.3 III   (2026),CONFERENCE & SEMINAR,Honourable Commissioner Expenses -: 004/04002/01/702/11009/0000/41714,Admin/HR,"REQUEST FOR APPROVAL OF FUNDS TO ATTEND THE ROUNDTABLE DISCUSSION ON ""NIGERIA AND THE UK:""COMMONWEALTH PARTNERS IN A CHANGING GLOBAL ECONOMY""","₦16,901,796.00",₦0.00,Awaiting Approval - Mr Governor (MG),,13/03/26,01/01/70,16901796.0,0.0,MG,16901796.0,35,31–60 days
309,CCTI/ADC. 2016   (2026),A ROYAL-GOVERNMENT PARTNERSHIP,MEPB - Special Grant -: 004/04002/01/701/11009/0000/40848,Commerce,"REQUEST TO PROVIDE SUPPORTS FOR ""HRM OBA ONIRU MEETS BUSINESS"" PROGRAMME","₦65,000,000.00","₦35,000,000.00",Approved by MG,,16/02/26,16/02/26,65000000.0,35000000.0,MG,30000000.0,60,31–60 days
261,CCTI/AD. 1169 I   (2026),ICT OPERATION,Investment Support Services -: 004/04002/01/881/11009/0000/40411,ICT,"REQUEST FOR RELEASE OF FUNDS FOR THE PROVISION OF DIGITIZATION SERVICES, ELECTRONIC DOCUMENT MANAGEMENT AND PROCESS WORKFLOW SOLUTION","₦61,692,500.00","₦61,692,500.00",Approved by MG,,16/03/26,20/03/26,61692500.0,61692500.0,MG,0.0,32,31–60 days
4,CCTI/TRD. 537   (2026),RENOVATION OF MATORI INDUSTRIAL ESTATE,Renovation of Small Scale Industrial Estate -: 004/04002/02/777/11009/0632/45192,Trade,"REQUEST FOR APPROVAL FOR THE RENOVATION OF DISTRESSED FACTORY UNITS AT THE STATE-OWNED SMALL SCALE INDUSTRIAL ESTATE-MATORI 1, MUSHIN FACTORY UNIT B (4 UNITS OF SEMI-DETACHED WAREHOUSE), FACTORY UNIT D (1 BLOCK OF 6 UNITS, TERRACE WAREHOUSE), AND FACTORY UNIT E (1 BLOCK OF 6 UNITS TERRANCE WAREHOUSE) AT THE SMALL SCALE INDUSTRIAL ESTATE MATORI 1, MUSHIN","₦32,028,321.79",₦0.00,Awaiting Approval - MEBP,,18/02/26,01/01/70,32028321.79,0.0,MEBP,32028321.79,58,31–60 days
7,CIC/ADC. 196/S.2   (2026),CONFERENCES,Honourable Commissioner Expenses -: 004/04002/01/702/11009/0000/41714,Admin/HR,RE: INVITATION TO SPEAK AT THE NBCC AND THE BRITISH CHAMBERS OF COMMERCE DRIVING INTERNATIONAL TRADE CONFERENCE,"₦20,148,800.00","₦20,148,800.00",Approved by MG,,18/02/26,20/03/26,20148800.0,20148800.0,MG,0.0,58,31–60 days
21,MCCTI/495 I   (2026),DEPARTMENTAL REQUIREMENT (INVESTMENT),Investment Support Services -: 004/04002/01/881/11009/0000/40411,Investment,REQUEST FOR RELEASE OF FUNDS FOR WORKING TOOLS OF INVESTMENT PROMOTION DEPARTMENT,"₦4,306,000.00",₦0.00,Awaiting Approval - MEBP,,18/02/26,01/01/70,4306000.0,0.0,MEBP,4306000.0,58,31–60 days
32,CIC/CC. 356/VOL. I T  (2026),MSME COUNCIL MEETING,Committee Expenses -: 004/04002/01/776/11009/0000/40813,Commerce,"REQUEST FOR FUNDS TO HOST THE QUARTERLY MEETING OF LAGOS STATE COUNCIL ON MICRO, SMALL AND MEDIUM ENTERPRISES (MSMEs) FOR THE YEAR 2026","₦40,000,000.00",₦0.00,Awaiting Approval - Mr Governor (MG),,18/02/26,01/01/70,40000000.0,0.0,MG,40000000.0,58,31–60 days
44,CIC/CC. 356/VOL. I T (2026),MSME COUNCIL MEETING,Committee Expenses -: 004/04002/01/776/11009/0000/40813,Commerce,"REQUEST FOR FUNDS TO HOST THE QUARTERLY MEETING OF LAGOS STATE COUNCIL ON MICRO, SMALL AND MEDIUM ENTERPRISES (MSMEs) FOR THE YEAR 2026","₦40,000,000.00",₦0.00,Awaiting Approval - Mr Governor (MG),,18/02/26,01/01/70,40000000.0,0.0,MG,40000000.0,58,31–60 days
47,CIC/CC 357 II  (2026),LAGOS STATE MSME EXCLUSIVE FAIR,MSME Exclusive Fair Eko Expo -: 004/04002/01/776/11009/0000/41405,Commerce,REQUEST FOR FUNDS TO STAGE LAGOS MSMEs EXCLUSIVE AND EKO ROUNDCITY TRADE FAIR 2.0,"₦264,700,000.00",₦0.00,Awaiting Approval - Mr Governor (MG),,18/02/26,01/01/70,264700000.0,0.0,MG,264700000.0,58,31–60 days
81,CIC/CC. 424 T,NATIONAL ACTION COMMITTE ON AFCFTA,Exhibition and Trade Fairs -: 004/04002/01/776/11009/0000/41401,Commerce,REQUEST FOR APPROVAL TO HOST MEETINGS OF THE LAGOS STATE TECHNICAL WORKING GROUP ON THE AFRICAN CONTINENTAL FREE TRADE AREA (AFCFTA),"₦40,252,000.00",₦0.00,Awaiting Approval - Mr Governor (MG),,18/02/26,01/01/70,40252000.0,0.0,MG,40252000.0,58,31–60 days
103,CCTI. 494 (2026),"WOMEN IN ENTREPRENEUR FAIR ""INTERNATIONAL WOMEN'S DAY",Eko Expo -: 004/04002/01/776/11009/0000/41405,Commerce,REQUEST FOR FUND TO HOST 2026 INTERNATIONAL WOMEN'S DAY (IWD) CELEBRATION AND EXHIBITION,"₦60,000,000.00","₦60,000,000.00",Approved by MG,,18/02/26,20/02/26,60000000.0,60000000.0,MG,0.0,58,31–60 days
144,CIC/IC. 1049,MISCELLANOUS CORRESPONDENCE,(ENTERPRENURSHIP DEVELOPMENT ) Industrial Development Programmes -: 004/04002/01/777/11009/0000/40509,Trade,REQUEST FOR APPROVAL FOR THE MONITORING AND SUPERVISION OF STATE-OWNED SMALL SCALE INDUSTRIAL ESTATE FOR IMPROVED PERFORMANCE,"₦15,000,000.00","₦15,000,000.00",Approved by DG,,18/02/26,19/03/26,15000000.0,15000000.0,DG,0.0,58,31–60 days
151,CIC/ADC 1680  (2026),E - COMAGBUS 2022,Special Duties Expenses -: 004/04002/01/776/11009/0000/40612,Agri Business,"REQUEST FOR APPROVAL TO ORGANISE THE THIRD EDITION OF THE CAPACITY BUILDING SEMINAR/EXPO FOR AGRIBUSINESS AND E-COMMERCE ENTREPRENEURS, ENHANCING AGRIBUSINESS VALUE CHAIN AND MARKETING SUPPORT FOR AGRIPRENUERS IN THE STATE","₦9,997,000.00","₦9,997,000.00",Approved by DG,,18/02/26,17/03/26,9997000.0,9997000.0,DG,0.0,58,31–60 days
230,CCTI/INV. 581,CWEIC 2026 U.K,Investment -: 004/04002/01/881/11009/0000/40411,Investment,REQUEST FOR APPROVAL FOR THE STATE'S IN THE COMMONWEALTH TRADE AND INVESTMENT SUMMIT (CTIS 2026) IN LONDON (20TH -21TH APRIL 2026),"₦133,316,680.00","₦133,316,680.00",Approved by MG,,18/02/26,20/02/26,133316680.0,133316680.0,MG,0.0,58,31–60 days
255,CCTI/AD 2024   (2026),FILE TRACKING AND FILE STATUS VERIFICATION SYSTEM,Investment Support Services -: 004/04002/01/881/11009/0000/40411,ICT,REQUEST FOR APPROVAL FOR THE RELEASE OF FUNDS TO INSTALL FILE SUBMISSION AND APPROVAL TRACKER AND VERIFICATION SYSTEM IN THE MINISTRY,"₦38,500,000.00",₦0.00,Awaiting Approval - Mr Governor (MG),,18/02/26,01/01/70,38500000.0,0.0,MG,38500000.0,58,31–60 days
278,CCTI/AD 2027   (2026),HONOURABLE COMMISSIONER'S OFFICE REPRESENTATIVE DUTIES,Honourable Commissioner Expenses -: 004/04002/01/702/11009/0000/41714,Office of HC,REQUEST FOR REIMBURSEMENT OF EXPENSES INCURRED BY THE HONOURABLE COMMISSIONER ON THE TRIP AS COUNCIL MEMBER FOR THE LAGOS INTERNATIONAL FINANCIAL CENTRE (LIFC) TO A STAKEHOLDER ENGAGEMENT MEETING IN ABUJA,"₦1,885,412.50","₦1,885,412.50",Approved by DG,,18/02/26,17/03/26,1885412.5,1885412.5,DG,0.0,58,31–60 days
294,CCTI/AGR. 593    (2026),MISCELLANEOUS,Special Duties Expenses -: 004/04002/01/776/11009/0000/40612,Agri Business,REQUEST FOR THE RELEASE OF FUNDS FOR THE PURCHASE OF STATIONERY FOR AGRIBUSINESS SUPPORT UNIT,"₦1,375,450.00",₦0.00,Awaiting Approval - MEBP,,18/02/26,01/01/70,1375450.0,0.0,MEBP,1375450.0,58,31–60 days
80,CCTI/AD 1164    (2026),PERSONAL PROTECTIVE EQUIPMENT FOR INSPECTION TEAM TO PROJECT SITES,(CONSULTANCY SERVICES) Administrative Expenses for the Industrial Estate -: 004/04002/01/777/11009/0000/40606,Trade,REQUEST FOR APPROVAL FOR THE RELEASE OF FUNDS FOR OFFICE CONSUMABLES AND WORK TOOLS FOR THE OFFICES OF INDUSTRIAL ESTATES AT THE STATE OWNED SMALL SCALE INDUSTRIAL ESTATES FOR THE FIRST AND SECOND HALF OF 2026,"₦14,998,500.00",₦0.00,Awaiting Approval - Deputy Governor (DG),,18/03/26,01/01/70,14998500.0,0.0,DG,14998500.0,30,15–30 days
320,CCTI/CIC. 528   (2026),IMPLEMENTATION OF HARMONIZED INSPECTION (MATTER ARISING),Harmonized Inspection of Indusries  -: 004/04002/01/777/11009/0000/40593,Inspectorate,REQUEST TO INCUR EXPENDITURE AND IMPLEMENT HARMONIZED INSPECTION MONITORING ACTIVITIES FOR THE YEAR 2026,"₦39,789,500.00",₦0.00,Awaiting Approval - MEBP,,18/03/26,01/01/70,39789500.0,0.0,MEBP,39789500.0,30,15–30 days
26,CIC/ADC 196 XIX,TRAINING GENERAL,Honourable Commissioner Expenses -: 004/04002/01/702/11009/0000/41714,Admin/HR,"REQUEST FOR APPROVAL OF FUNDS TO THE 2026 STRATEGIES FOR INCLUSIVE GROWTH EXECUTIVE PROGRAMME IN MASSACHUSETTS, UNITED STATES OF AMERICA (USA)","₦42,829,100.00",₦0.00,Awaiting Approval - Mr Governor (MG),,19/02/26,01/01/70,42829100.0,0.0,MG,42829100.0,57,31–60 days
127,CCTI/TRD. 535    (2026),DIGITAL MSME SCHEME,(CONSULTANCY SERVICES) Administrative Expenses for the Industrial Estate -: 004/04002/01/777/11009/0000/40606,Trade,REQUEST FOR APPROVAL TO ORGANISE A 2-DAY TRAINING PROGRAMME FOR ENHANCING DIGITAL MARKETING SKILLS OF SMALL SCALE INDUSTRIALISTS AND MSME OWNER MANAGERS OPERATING IN THE STATE FOR ENHANCED BRAND VISIBILITY AND GLOBAL COMPETITIVENESS,"₦25,000,000.00",₦0.00,Awaiting Approval - MEBP,,19/02/26,01/01/70,25000000.0,0.0,MEBP,25000000.0,57,31–60 days
231,CIC/ADC 196 XIX  (FOR PS) (2026),TRAINING GENERAL,Operational Expenses -: 004/04002/01/701/11009/0000/40848,Admin/HR,"REQUEST FOR APPROVAL OF FUNDS TO THE 2026 STRATEGIES FOR INCLUSIVE GROWTH EXECUTIVE PROGRAMME IN MASSACHUSETTS, UNITED STATE OF AMERICA (USA)","₦39,058,550.00",₦0.00,Awaiting Approval - Mr Governor (MG),,19/02/26,01/01/70,39058550.0,0.0,MG,39058550.0,57,31–60 days
258,CCTI/ADC 1751   (2026),MATTERS RELATING TO RENT REVIEW IN THE S/SCALE IND HUBS ISOLO,(CONSULTANCY SERVICES) Administrative Expenses for the Industrial Estate -: 004/04002/01/777/11009/0000/40606,Trade,REQUEST FOR APPROVAL FOR QUARTERLY ENFORCEMENT OF RENT PAYMENT AND CONDUCT OF VERIFICATION EXERCISE OF THE SMALL SCALE INDUSTRIAL ESTATES FOR IMPROVED REVENUE GENERATION OF THE STATE,"₦20,000,000.00",₦0.00,Awaiting Approval - Deputy Governor (DG),,19/03/26,01/01/70,20000000.0,0.0,DG,20000000.0,29,15–30 days
22,CCTI/AD. 2 III (2026),STATIONERY/CONSUMABLES,Operational Expenses -: 004/04002/01/701/11009/0000/40848,Admin/HR,REQUEST FOR THE RELEASE OF FUNDS TO PURCHASE STATIONERY ITEMS AND DIGITAL CONSUMABLES FOR THE OFFICE OF THE PERMANENT SECRETARY,"₦9,999,400.00","₦9,999,400.00",Approved by DG,,20/02/26,20/03/26,9999400.0,9999400.0,DG,0.0,56,31–60 days
121,CCTI/AD 766 VIII  (2026 (1)),STAFF WELFARE,Staff Welfare & Festivities -: 004/04002/01/702/11009/0000/41929,Admin/HR,REQUEST FOR THE RELEASE OF FUNDS TO PURCHASE WELFARE PACKAGE FOR THE FORTHCOMING EID IL FITRI AND EASTER CELEBRATION BATCH II,"₦29,940,000.00",₦0.00,Awaiting Approval - Deputy Governor (DG),,20/02/26,01/01/70,29940000.0,0.0,DG,29940000.0,56,31–60 days
156,CIC/AD. 173 VII   (2026),UNIFORMS,Uniform & Protective Outfits -: 004/04002/01/701/11009/0000/40806,Admin/HR,"PROCUREMENT OF PROTECTIVE WEAR AND UNIFORMS FOR ALL STAFF OF MINISTRY OF COMMERCE, COOPERATIVES, TRADE AND INVESTMENT","₦12,257,000.00",₦0.00,Awaiting Approval - MEBP,,20/02/26,01/01/70,12257000.0,0.0,MEBP,12257000.0,56,31–60 days
199,CIC/ADC. 196/S.3   (2026),SEMINAR,Workshop & Training Expenses  -: 004/04002/01/704/11009/0000/40501,Admin/HR,"REQUEST FOR APPROVAL OF FUNDS TO ATTEND LEADERSHIP IN ACTION: POWER, INFLUENCE & NEGOTIATION, LEADIMPACT DEVELOPMENT INITIATIVES WORKSHOP, ADVANCED DOCUMENT CONTROL & RECORD MANAGEMENT BEST PRACTICES AND PERFORMANCE IMPROVEMENT SKILL FOR CLERICAL OFFICERS, DRIVERS & CLEANERS.   [TABLE A - Q = 78,895,852.00 (WORKSHOP & TRAINING EXPENSES), TABLE R - U = 19,105,325.00 (CONFERENCE AND SEMINAR EXPENSES","₦98,001,177.00","₦16,901,796.00",Approved by MG,,20/02/26,20/02/26,98001177.0,16901796.0,MG,81099381.0,56,31–60 days
265,CCTI/AD. 2021  (2026),STATIONERIES/DIGITAL CONSUMABLES (HC),Honourable Commissioner Expenses -: 004/04002/01/702/11009/0000/41714,Office of HC,"REQUEST FOR APPROVAL OF FUNDS TO PURCHASE STATIONERY ITEMS AND DIGITAL CONSUMABLES IN THE HONOURABLE COMMISSIONER, MINISTRY OF COMMERCE, COOPERATIVES, TRADE AND INVESTMENT, FOR THE 1ST & 2ND QUARTERS OF YEAR 2026","₦19,912,000.00",₦0.00,Awaiting Approval - MEBP,,20/02/26,01/01/70,19912000.0,0.0,MEBP,19912000.0,56,31–60 days
40,CIC/ADC. 851 V   (2026),INFORMATION COMMUNICATION AND TECHNOLOGY,ICT Unit Expenses -: 004/04002/01/706/11009/0000/40377,ICT,"REQUEST FOR FUNDS TO PURCHASE ICT ACCESSORIES, PERIPHERAL AND CONSUMABLES","₦11,130,000.00",₦0.00,Awaiting Approval - Deputy Governor (DG),,23/03/26,01/01/70,11130000.0,0.0,DG,11130000.0,25,15–30 days
102,CIC/AD. 697 S.2T   (2026),OFFICE MAINTENANCE BUILDING,Office Equipment and Renovation -: 004/4002/02/777/11009/6129/45011,Admin/HR,"RE: REQUEST FOR THE RELEASE OF FUNDS FOR THE PROCUREMENT OF ADDITIONAL ESSENTIAL OFFICE FURNITURE & EQUIPMENT IN THE OFFICE OF THE HONOURABLE COMMISSIONER, OFFICE OF THE PERMANENT SECRETARY AND DIRECTOR ADMIN. & HR OF THE MINISTRY","₦22,971,135.00",₦0.00,Awaiting Approval - Deputy Governor (DG),,23/03/26,01/01/70,22971135.0,0.0,DG,22971135.0,25,15–30 days
62,CCTI/ADC 2021    (2026),DIGITALISATION OF COOPERATIVE SOCIETIES IN LAGOS STATE,Construction of Cooperatives Area Offices -: 004/04002/02/775/11009/0634/45194,Cooperatives,"THE DIGITALISATION OF COOPERATIVE SOCIETIES IN LAGOS STATE AS A STRATEGIC LEVER FOR MSME FORMALISATION, ACCESS TO FINANCE, AND INCLUSIVE ECONOMIC GROWTH",₦0.00,₦0.00,Awaiting Approval - Mr Governor (MG),,24/02/26,01/01/70,0.0,0.0,MG,0.0,52,31–60 days
54,CIC/ADC 196.S3 III  (2026),SEMINARS,Operational Expenses -: 004/04002/01/701/11009/0000/40848,Admin/HR,"REQUEST FOR RELEASE OF FUNDS TO ATTEND ONE-WEEK VISIONARY LEADERSHIP AND STRATEGIC THINKING IN BOTH UNITED KINGDOM (UK) AND AMSTERDAM, THE NETHERLANDS","₦64,063,406.00",₦0.00,Awaiting Approval - Mr Governor (MG),,25/02/26,01/01/70,64063406.0,0.0,MG,64063406.0,51,31–60 days
105,CIC/ADC 1153,CONFERENCES/SUMMIT,Honourable Commissioner Expenses -: 004/04002/01/702/11009/0000/41714,Admin/HR,"RE: RECOGNITION AWARD & KEYNOTE SPEAKER AT THE 2026 INSTINCT WOMEN CONFERENCE & AWARD, NAIROBI, KENYA","₦13,448,504.00",₦0.00,Awaiting Approval - Mr Governor (MG),,25/02/26,01/01/70,13448504.0,0.0,MG,13448504.0,51,31–60 days
248,LASCOCO/A&HR/S.T/007 vOI,STAFF TRAINING,LASCOCO -: 004/04002/01/701/11009/0000/40848,LASCOCO,TRAINING PROGRAMMES FOR THE AREA AND ASSISTANT AREA OFFICERS OF THE COOPERATIVES AREA OFFICES OF THE DEPARTMENT OF COOPERATIVE SERVICES,"₦4,993,000.00",₦0.00,Awaiting Approval - Deputy Governor (DG),,25/03/26,01/01/70,4993000.0,0.0,DG,4993000.0,23,15–30 days
68,CIC/AD. 94 IV  (2026),OFFICE FURNITURE AND EQUIPMENT,Office Equipment and Renovation -: 004/4002/02/777/11009/6129/45011,Admin/HR,REQUEST FOR RELEASE OF FUNDS FOR THE PROCUREMENT OF OFFICE FURNITURE,"₦74,090,000.00",₦0.00,Awaiting Approval - Deputy Governor (DG),,27/03/26,01/01/70,74090000.0,0.0,DG,74090000.0,21,15–30 days
208,CCTI/ADC 196 III     (2026),TRAINING- GENERAL,Seminar  & Conferences -: 004/04002/01/704/11009/0000/40502,Admin/HR,REQUEST FOR APPROVAL TO PARTICIPATE IN A TWO (2) DAYS STAKEHOLDERS NATIONAL WORKSHOP ON THE ROLE AND IMPACT OF THE TAX REFORM ON THE EFFECTIVE BUDGET IMPLEMENTATION AMONG THE TIRES OF GOVERNMENT IN NIGERIA,"₦2,696,000.00",₦0.00,Awaiting Approval - Deputy Governor (DG),,27/03/26,01/01/70,2696000.0,0.0,DG,2696000.0,21,15–30 days
251,CCTI/AD. 2 II    (2026),STATIONERY/CONSUMABLES,Special Duties Expenses -: 004/04002/01/776/11009/0000/40612,Admin/HR,RELEASE OF FUNDS FOR THE PURCHASE OF STATIONERY ITEMS FOR THE MINISTRY,"₦19,647,000.00",₦0.00,Awaiting Approval - Deputy Governor (DG),,27/03/26,01/01/70,19647000.0,0.0,DG,19647000.0,21,15–30 days
28,LASCOPA/ADM/188 I,ACCOMODATION FOR LAGOS STATE CONSUMER PROTECTION AGENCY,,LASCOPA,"REQUEST FOR THE APPROVAL FOR THE RELEASE OF FUNDS FOR THE PAYMENT OF LASCOPA OFFICE ACCOMMODATION, SERVICE CHARGE AND DIESEL FOR THE YEAR","₦66,800,000.00","₦66,800,000.00",Approved by MG,,28/01/26,17/02/26,66800000.0,66800000.0,MG,0.0,79,60+ days
130,LASCOPA/ADM/189 I,PROMOTION EXERCISE,,LASCOPA,RECALL CIRCULAR FOR YEAR 2026 PROMOTION EXERCISE,"₦2,000,000.00","₦2,000,000.00",Approved by DG,,28/01/26,02/02/26,2000000.0,2000000.0,DG,0.0,79,60+ days
157,LASCOPA/ADM/203 I,MATTERS AFFECTING PROJECT STAFF ALLOWANCE,,LASCOPA,STAFF ALLOWANCE,"₦7,000,000.00","₦7,000,000.00",Approved by DG,,28/01/26,20/02/26,7000000.0,7000000.0,DG,0.0,79,60+ days
206,CIC/CIC  509,CORRESPONDENCE WITH MEDIA CONSULTANTS,Publicity and Press Coverage -: 004/04002/01/775/11009/0000/40603,Public Affairs,REQUEST FOR FUND TO BOOST MCCTI SOCIAL MEDIA PRESENCE THROUGH ONLINE CAMPAIGN,"₦9,800,000.00",₦0.00,Awaiting Approval - MEBP,,28/01/26,01/01/70,9800000.0,0.0,MEBP,9800000.0,79,60+ days
214,LASCOPA/ADM/191  I,HAZARD ALLOWANCE,,LASCOPA,REQUEST FOR APPROVAL FOR THE RELEASE OF FUNDS FOR HAZARD ALLOWANCE,"₦1,400,000.00","₦1,400,000.00",Approved by DG,,28/01/26,29/01/26,1400000.0,1400000.0,DG,0.0,79,60+ days
218,CIC/AD. 1055 II,COMMUNICATION STRATEGY,Publicity and Press Coverage -: 004/04002/01/775/11009/0000/40603,Public Affairs,"INTEGRATED MEDIA CAMPAIGN FOR THE MINISTRY OF COMMERCE, COOPERATIVES, TRADE AND INVESTMENT (MCCTI)","₦14,035,850.23",₦0.00,Awaiting Approval - Deputy Governor (DG),,28/01/26,01/01/70,14035850.23,0.0,DG,14035850.23,79,60+ days
222,CIC/ADC 1745,CORRESPONDENCES AND REQUESTS FROM VARIOUS ORGANISATION,Publicity and Press Coverage -: 004/04002/01/775/11009/0000/40603,Public Affairs,"REQUEST FOR FUNDS FOR THE DOCUMENTATION, MEDIA COVERAGE AND PUBLICITY OF THE MINISTRY'S ACTIVITIES","₦9,390,000.00",₦0.00,Awaiting Approval - MEBP,,28/01/26,01/01/70,9390000.0,0.0,MEBP,9390000.0,79,60+ days
234,CIC/CC 457,CORRESPONDENCE WITH MEDIA ORGANISATIONS,Publicity and Press Coverage -: 004/04002/01/775/11009/0000/40603,Public Affairs,REQUEST FOR FUND TO PURCHASE COPIES OF LAGOS HISTORY PUZZLE BOOK AND COUNTRY YELLOW PAGES DIRECTORY,"₦2,300,000.00","₦2,300,000.00",Approved by DG,,28/01/26,07/01/26,2300000.0,2300000.0,DG,0.0,79,60+ days
242,CCTI/ADC. 1756 T2     & CCTI/ADC. 1756 T  (2026),LASG - BOI MARCHING FUNDS FOR MSMES (LASMECO),Construction of Cooperatives Area Offices -: 004/04002/02/775/11009/0634/45194,Cooperatives,COMPREHENSIVE UPDATE ON THE LAGOS STATE ACCESS TO FINANCE FOR SMES THROUGH COOPERATIVES (LASMECO),₦0.00,₦0.00,Approved by MG,,28/01/26,28/01/26,0.0,0.0,MG,0.0,79,60+ days
247,CIC/AD 1114   (2026),MEDIA RELATIONS,Publicity and Press -: 004/04002/01/775/11009/0000/40603,Public Affairs,REQUEST FOR FUND FOR YEAR 2026 MINISTERIAL PRESS BRIEFING,"₦4,995,000.00",₦0.00,Awaiting Approval - Deputy Governor (DG),,28/01/26,01/01/70,4995000.0,0.0,DG,4995000.0,79,60+ days
266,LASCOPA/ADM/056 I,STATIONERIES,,LASCOPA,REQUEST FOR APPROVAL FOR THE PROCUREMENT OF CONSUMABLES,"₦16,500,000.00","₦16,500,000.00",Approved by MG,,28/01/26,02/02/26,16500000.0,16500000.0,MG,0.0,79,60+ days
284,CIC/AD 114 (2026),MEDIA RELATIONS,Publicity and Press Coverage -: 004/04002/01/775/11009/0000/40603,Public Affairs,REQUEST FOR FUND FOR YEAR 2026 MINISTERIAL PRESS BRIEFING,"₦4,995,000.00",₦0.00,Awaiting Approval - Deputy Governor (DG),,28/01/26,01/01/70,4995000.0,0.0,DG,4995000.0,79,60+ days
301,CCTI/AD/1139   (2026),MEMO'S,Publicity and Press -: 004/04002/01/775/11009/0000/40603,Public Affairs,REQUEST FOR FUND TO PURCHASE ESSENTIAL BUSINESS SUPPORT TOOLS,"₦4,967,500.00","₦4,967,500.00",Approved by DG,,28/01/26,09/03/26,4967500.0,4967500.0,DG,0.0,79,60+ days
306,CIC/AD. 1055 II   (2026),COMMUNICATION STRATEGY,Publicity and Press Coverage -: 004/04002/01/775/11009/0000/40603,Public Affairs,"INTEGRATED MEDIA CAMPAIGN FOR THE MINISTRY OF COMMERCE, COOPERATIVES, TRADE AND INVESTMENT (MCCTI)","₦14,035,850.23","₦11,410,500.00",Approved by DG,,28/01/26,02/02/26,14035850.23,11410500.0,DG,2625350.2300000004,79,60+ days
281,CCTI/ADC. 2024   (2026),TECHNICAL CONSULTATION & SUPPORT ON EASE OF DOING BUSINESS,Investment Support Services -: 004/04002/01/881/11009/0000/40411,Investment,TECHNICAL CONSULTANCY AND SUPPORT ON EASE OF DOING BUSINESS - (WORLD BANK SABER PforR IMPLEMENTATION),"₦135,000,000.00","₦100,000,000.00",Approved by MG,,28/02/26,25/02/26,135000000.0,100000000.0,MG,35000000.0,48,31–60 days
13,LASCOPA/ADM/1 T,ICT - MATTER'S,,LASCOPA,REQUEST FOR THE PROCUREMENT OF ALL-IN-ONE DESKTOPS FOR OFFICIAL USE AT THE LASCOPA HEADQUARTER,"₦12,925,000.00",₦0.00,Awaiting Approval - MEBP,,29/01/26,01/01/70,12925000.0,0.0,MEBP,12925000.0,78,60+ days
20,LASCOPA/SIRD/281 I,STORE OWNERS ASSOCIATION PARLEY ON FOOD SAFETY,,LASCOPA,REQUEST FOR THE RELEASE OF FUND FOR TRADITIONAL MARKET ASSOCIATION PARLEY ON FOOD SAFETY,"₦10,000,000.00",₦0.00,Awaiting Approval - MEBP,,29/01/26,01/01/70,10000000.0,0.0,MEBP,10000000.0,78,60+ days
34,LASCOPA/ADM/206 I,ANNEX OFFICES EXPENSES,,LASCOPA,REQUEST FOR APPROVAL FOR THE RELEASE OF FUND FOR THE RUNNING OF SEVEN ANNEX OFFICES IN LAGOS STATE CONSUMER PROTECTION AGENCY (LASCOPA),"₦3,500,000.00",₦0.00,Awaiting Approval - MEBP,,29/01/26,01/01/70,3500000.0,0.0,MEBP,3500000.0,78,60+ days
85,LASCOPA/PRS/106 I,PLANNING UNIT EXPENSES,,LASCOPA,PROCUREMENT OF CONSUMABLE ITEMS FOR Y2026 QUARTERLY & MID-YEAR BUDGET REVIEW WITH THE HOUSE OF ASSEMBLY,"₦2,000,000.00",₦0.00,Awaiting Approval - MEBP,,29/01/26,01/01/70,2000000.0,0.0,MEBP,2000000.0,78,60+ days
122,LASCOPA/SIRD/280 I,FOOD SAFETY CONFERENCE AND EXHIBITION,,LASCOPA,REQUEST FOR THE RELEASE OF FUND FOR FOOD SAFETY CONFERENCE AND EXHIBITION 2026,"₦10,000,000.00",₦0.00,Awaiting Approval - MEBP,,29/01/26,01/01/70,10000000.0,0.0,MEBP,10000000.0,78,60+ days
129,LASCOPA/SIRD/279 I,STAKEHOLDERS FORUM ON FOOD SAFETY,,LASCOPA,REQUEST FOR THE RELEASE OF FUND FOR FOOD SAFETY STAKEHOLDERS FORUM,"₦10,000,000.00",₦0.00,Awaiting Approval - MEBP,,29/01/26,01/01/70,10000000.0,0.0,MEBP,10000000.0,78,60+ days
143,CCTI/INV. 1762 I,CORRESPONCE WITH G.I.Z.,Investment -: 004/04002/01/881/11009/0000/40411,Investment,"RE-PRESENTATION OF MEMO FOR APPROVAL TO PARTNER WITH GIZ TO ORGANIZE TWO (2) WORKSHOP SESSIONS WITH HEADS OF MDA'S, ORGANISED PRIVATE SECTORS AND TRADE ASSOCIATIONS ON THE VALIDATION WORKSHOPS ON BUSINESS INCENTIVES FOR IMPROVMENT OF THE INVESTMENT CLIMATE IN LAGOS STATE","₦22,000,000.00",₦0.00,Awaiting Approval - Mr Governor (MG),,29/01/26,01/01/70,22000000.0,0.0,MG,22000000.0,78,60+ days
148,LASCOPA/ADM/036 I,OFFICE FURNITURE,,LASCOPA,REQUEST FOR FUNDS FOR THE PROCUREMENT OF EQUIPMENT AND FURNITURE FOR THE AGENCY,"₦8,100,000.00",₦0.00,Awaiting Approval - MEBP,,29/01/26,01/01/70,8100000.0,0.0,MEBP,8100000.0,78,60+ days
164,LASCOPA/GM/251 I,CORRESPONCE WITH GENERAL MANAGER,,LASCOPA,OPERATIONAL EXPENSES FOR THE OFFICE OF THE GENERAL MANAGER,"₦7,500,000.00",₦0.00,Awaiting Approval - MEBP,,29/01/26,01/01/70,7500000.0,0.0,MEBP,7500000.0,78,60+ days
177,LASCOPA/ISRD/113 I,MATTERS AFFEXTING S & RD,,LASCOPA,REQUEST FOR APPROVAL FOR LABORATORY TESTS ON PRODUCTS FROM PUBLIC COMPLAINTS IN THE YEAR 2026,"₦7,635,276.00",₦0.00,Awaiting Approval - MEBP,,29/01/26,01/01/70,7635276.0,0.0,MEBP,7635276.0,78,60+ days
298,LASCOPA/C&M/233 I,MATTERS AFFECTING SERVICING OF IKEDE/EKEDC,,LASCOPA,REQUEST FOR APPROVAL FOR THE RELEASE OF FUNDS FOR IKEDC/EKEDC STAKEHOLDERS PARLEY AND CUSTOMIZED T-SHIRT AND FACE CAP FOR THE YEAR 2026 IN COMPLAINTS AND MEDIATION DEPARTMENT,"₦7,800,000.00",₦0.00,Awaiting Approval - MEBP,,29/01/26,01/01/70,7800000.0,0.0,MEBP,7800000.0,78,60+ days
300,LASCOPA/SIRD/282 I,WORLD ANTI-COUNTERFEITING DAY PROGRAM,,LASCOPA,REQUEST FOR APPROVAL OF FUND FOR WORLD ANTI-COUNTERFEITING DAY PROGRAM,"₦15,000,000.00",₦0.00,Awaiting Approval - MEBP,,29/01/26,01/01/70,15000000.0,0.0,MEBP,15000000.0,78,60+ days
335,LASCOPA/ SIRD/ 281 I,STORE OWNERS ASSOCIATION PARLEY ON FOOD SAFETY,,LASCOPA,REQUEST FOR THE RELEASE OF FUND FOR TRADITIONAL MARKET ASSOCIATION PARLEY ON FOOD SAFETY,"₦10,000,000.00",₦0.00,Awaiting Approval - MEBP,,29/01/26,01/01/70,10000000.0,0.0,MEBP,10000000.0,78,60+ days
